Color,Name,Mean,MeanLB,MeanUB,Stddev,StddevLB,StddevUB
0xa6cee3,ocaml,0.4524159248543735,0.4457634181248977,0.45906843158384925,9.547977917507538e-3,3.9847097804005535e-3,1.2959094590159205e-2
0x1f78b4,ocaml byte,3.4120117611247074,3.334974525248981,3.5435886773750553,0.13827760877832662,1.43541687502875e-2,0.17164109343830175
0xb2df8a,haskell,1.7409761440210332,1.7130612950004434,1.7598718158126303,3.362659832116356e-2,1.6787955426897906e-2,4.363768478158967e-2
0x33a02c,haskell strict,1.6995556240211347,1.6625600194374783,1.7495548043139024,5.496189276022815e-2,1.5994685916363438e-2,6.742856401289536e-2
0xfb9a99,juvix,0.3740244477295012,0.36111698025069927,0.3845241454792661,1.5514887812869409e-2,1.1049552056419856e-2,1.893254604414414e-2
0xe31a1c,juvix wasm,0.6104528058954202,0.5880264926663585,0.6316325994989711,3.033517094623429e-2,1.559794761844924e-2,4.122027927060149e-2
0xcab2d6,runtime,0.5651358007085795,0.5245814006254932,0.5921635241667598,4.4167013972956595e-2,2.595773429930794e-2,6.241785365665251e-2
0x6a3d9a,runtime wasm,1.432776903083095,1.3827104151248477,1.4569207257914059,4.826769531563038e-2,5.256172165900352e-3,5.986583104065352e-2
