Color,Name,Mean,MeanLB,MeanUB,Stddev,StddevLB,StddevUB
0xa6cee3,ocaml,0.41491030143750623,0.4147815038751711,0.41508573693749895,2.1013101287449746e-4,6.972663619803324e-5,2.8431974847747764e-4
0x1f78b4,ocaml byte,3.109622687895732,3.104217910208414,3.119079096124551,9.765290360448832e-3,1.7507634993136796e-3,1.2481799410731641e-2
0xb2df8a,haskell,1.5200368400622513,1.5198295374375448,1.5203522675619752,3.6540763979188803e-4,1.2529799945093512e-4,4.473587090746981e-4
0x33a02c,haskell strict,1.5185776710831458,1.518296717916504,1.5187475881248247,3.3626507494370384e-4,2.2554694207409823e-4,3.9240659901300384e-4
0xfb9a99,juvix,0.38362243652071965,0.3835879443123531,0.3836383328748525,3.379427014049936e-5,1.104465790383695e-5,4.563039744834313e-5
0xe31a1c,juvix wasm,0.6233320272496788,0.6204014102495421,0.624764670749831,2.8001832356161485e-3,1.4025660853665483e-3,3.459421613820063e-3
0xcab2d6,runtime,0.4252037528126114,0.42513730606246247,0.4253192127505372,1.1804648254640522e-4,2.334458052669163e-5,1.5345219634103495e-4
0x6a3d9a,runtime wasm,1.2025302605208783,1.2006441941668222,1.2039946018124965,2.2937172774612825e-3,1.4420136137872918e-3,2.8129157518944716e-3
