Color,Name,Mean,MeanLB,MeanUB,Stddev,StddevLB,StddevUB
0xa6cee3,ocaml,0.4835408458955044,0.47975260568750855,0.4855103223740116,3.641261728604713e-3,5.98352750785125e-4,4.7197421294188704e-3
0x1f78b4,ocaml byte,3.7147189085614323,3.693879612373621,3.746562488373911,3.5119551814752556e-2,7.0390046248576255e-3,4.273474923720513e-2
0xb2df8a,haskell,1.8278289136458927,1.7911321561873592,1.8450637936668195,3.5151720826362816e-2,5.73424306486426e-3,4.494528071015103e-2
0x33a02c,haskell strict,1.8965049907705331,1.8222690680624964,2.008717340832542,0.12837649954689903,4.719743508364138e-2,0.15697247002926637
0xfb9a99,juvix,1.0898825236676355,1.069233318001352,1.109512867500598,2.5939729421911157e-2,1.4348394263071742e-2,3.1237594435311725e-2
0xe31a1c,juvix wasm,1.968214110916885,1.9463269794174873,1.9835049619165754,2.5311098630374715e-2,1.5612089934891854e-2,3.5312707763239116e-2
0xcab2d6,runtime,0.5809965668546889,0.5771874783754356,0.5830711917921386,3.6947699105655926e-3,1.871755751380988e-3,4.7911410644163755e-3
0x6a3d9a,runtime wasm,1.4490519645000102,1.4314125927494388,1.457669996000277,1.6655058581655918e-2,6.09431949987993e-3,2.0378837116007246e-2
