Color,Name,Mean,MeanLB,MeanUB,Stddev,StddevLB,StddevUB
0xa6cee3,ocaml,0.45800002960459096,0.45334616916716186,0.4640884093123532,7.78844407309116e-3,3.3332782696678595e-3,1.0747630305282568e-2
0x1f78b4,ocaml byte,3.6411580347502572,3.5181494675013405,3.7176016927503497,0.13686779480460887,7.548987862182528e-2,0.19189517278931728
0xb2df8a,haskell,1.7930781715825408,1.7818262719983977,1.8043300711666839,1.719711682685496e-2,9.091892301885268e-3,2.416873328318221e-2
0x33a02c,haskell strict,1.812102100687677,1.781774265062495,1.8268823888752195,2.931604177060618e-2,1.1547688559827709e-2,3.9433946857433566e-2
0xfb9a99,juvix,1.0778176926250278,1.0561131292502068,1.0886500157500147,2.047919289224921e-2,6.389865750406898e-3,2.506235578300197e-2
0xe31a1c,juvix wasm,1.8920505332705488,1.8831671389161784,1.9009339276249193,1.2011252811079546e-2,5.624721989205788e-3,1.6054260434315234e-2
0xcab2d6,runtime,0.5333345980836081,0.5290490365005098,0.5367780537499129,5.19402180436819e-3,2.640789835111271e-3,7.256290699410783e-3
0x6a3d9a,runtime wasm,1.3785791501458486,1.3637778065420512,1.3990308755834728,2.3449226733696763e-2,5.673863822563661e-3,3.0920401082809502e-2
