Color,Name,Mean,MeanLB,MeanUB,Stddev,StddevLB,StddevUB
0xa6cee3,ocaml,0.49883557731285083,0.49322244768730644,0.5064180345001054,8.316507753597985e-3,1.8721304033205918e-5,1.0167336734636573e-2
0x1f78b4,ocaml byte,3.6520045982289653,3.64335249112537,3.6659082768746885,1.5263602331030041e-2,3.0740986248929403e-3,1.972989419033327e-2
0xb2df8a,haskell,1.8029147505833407,1.7966831739993268,1.806181888750416,6.150861448104818e-3,3.3677822595576455e-3,8.451516512809759e-3
0x33a02c,haskell strict,1.8154719800219634,1.8106162215214379,1.8203717312517256,6.372601308897901e-3,3.060472625293187e-3,7.781561377740659e-3
0xfb9a99,juvix,1.0825788980207562,1.0718868129372368,1.087795537104057,1.0091134166934435e-2,5.976889726025617e-4,1.2645000888637997e-2
0xe31a1c,juvix wasm,1.861578252582376,1.8515236320833992,1.8665902718321377,9.658868830826886e-3,1.469288332373253e-3,1.1610183110575942e-2
0xcab2d6,runtime,0.5253420324162713,0.5224693312908736,0.5291097163749328,4.889007826659791e-3,2.0772952415627744e-3,5.928649276839142e-3
0x6a3d9a,runtime wasm,1.39715781516702,1.382423017250403,1.4118926130836371,1.9215459803453554e-2,9.902442416660051e-3,2.5412497605723894e-2
