Color,Name,Mean,MeanLB,MeanUB,Stddev,StddevLB,StddevUB
0xa6cee3,ocaml,0.5236523725628407,0.5200840644999214,0.5263515580636522,4.4382393315459e-3,2.5223853029992895e-3,5.718269179712657e-3
0x1f78b4,ocaml byte,3.7379558717705095,3.734123707582512,3.7432296696458707,6.597963184735772e-3,2.5933757395104305e-3,8.83711745058697e-3
0xb2df8a,haskell,1.8371232381881175,1.834337435562702,1.8422962033132535,5.354706223419127e-3,7.763527504115464e-4,6.424475129249564e-3
0x33a02c,haskell strict,1.835058309792127,1.8340174015006596,1.8368443726258192,1.7782075609145723e-3,4.231603574476352e-4,2.329058987523805e-3
0xfb9a99,juvix,0.4605132859793078,0.46032587643753686,0.46061940014616687,1.831881187431857e-4,5.8138439472294986e-5,2.450601712037058e-4
0xe31a1c,juvix wasm,0.7665761250843085,0.7511670983758449,0.7768406833344367,1.8666090846451943e-2,9.08469023130746e-3,2.3704981875296384e-2
0xcab2d6,runtime,0.5356628527708835,0.532227638457698,0.5376827463962854,3.3933757626835037e-3,1.4499788065599959e-3,4.664744513440765e-3
0x6a3d9a,runtime wasm,1.4718337867294242,1.4496979214175856,1.4854690945415616,2.267502125246162e-2,1.0269500624872308e-2,3.1489394543283734e-2
