Color,Name,Mean,MeanLB,MeanUB,Stddev,StddevLB,StddevUB
0xa6cee3,ocaml,0.41446145731257883,0.41424916668749273,0.4148687509375577,4.085083038814536e-4,2.0784754127555307e-5,4.9026419815957e-4
0x1f78b4,ocaml byte,3.0941733770620203,3.090039580374423,3.0962194921870605,4.017814400491919e-3,9.599357555842639e-5,4.77377985693308e-3
0xb2df8a,haskell,1.5195247214788499,1.5193474581872124,1.519650214332993,2.062169405833725e-4,1.081158748093003e-4,2.898133324839446e-4
0x33a02c,haskell strict,1.520882255416988,1.5197140448338664,1.5216666192504817,1.4175250279464123e-3,9.757432419272748e-4,1.7843327607851088e-3
0xfb9a99,juvix,0.9134956597291648,0.9131656636044454,0.9140750970624367,5.919967087295749e-4,8.547367597255666e-5,7.47007147564258e-4
0xe31a1c,juvix wasm,1.561411547958566,1.5598296987500362,1.5623840620420046,1.886464008010278e-3,1.4948456972786951e-3,2.245925071455969e-3
0xcab2d6,runtime,0.445528030520677,0.4454652586874772,0.44555812268720274,6.062440478733697e-5,5.975575628748087e-6,7.547045740524024e-5
0x6a3d9a,runtime wasm,1.161501799582993,1.1610327894995862,1.1617839247496704,5.447414464042799e-4,4.8322081360470425e-4,5.999115780256218e-4
