Color,Name,Mean,MeanLB,MeanUB,Stddev,StddevLB,StddevUB
0xa6cee3,ocaml,0.49216320777069694,0.48761197656244804,0.49474498795795324,4.409807321767792e-3,1.6138889803132815e-3,5.962365944403468e-3
0x1f78b4,ocaml byte,3.7025425682916193,3.6971971012503673,3.7064383903746148,6.421209415903015e-3,4.618043983280091e-3,7.846410993886247e-3
0xb2df8a,haskell,1.7938563352494536,1.786343050124439,1.8068587618747642,1.3829892025587232e-2,1.5659657500085578e-3,1.735118875770234e-2
0x33a02c,haskell strict,1.7867246434374617,1.7835648702495444,1.7926510945630223,6.088098762542106e-3,7.484044996696193e-4,7.275433260666775e-3
0xfb9a99,juvix,1.0769538217502184,1.0708730321257462,1.0799661896248836,5.908422039939586e-3,8.210492502863653e-4,7.495524058819629e-3
0xe31a1c,juvix wasm,1.875477666603956,1.8682176506654287,1.879197059187618,6.991736302772995e-3,1.6905131984349033e-3,9.228400912077023e-3
0xcab2d6,runtime,0.5338126259167287,0.5335315188332668,0.5339988234166716,3.4150242555721196e-4,2.4355674110980666e-4,4.300047068577913e-4
0x6a3d9a,runtime wasm,1.396907469937787,1.388498519625955,1.4038181720627563,1.0149728862732854e-2,6.922735073543543e-3,1.2639723328666608e-2
