Color,Name,Mean,MeanLB,MeanUB,Stddev,StddevLB,StddevUB
0xa6cee3,ocaml,0.34268089660467166,0.34197516858360666,0.3431319247504234,8.534661440167152e-4,6.072063749797962e-4,1.0416048854475469e-3
0x1f78b4,ocaml byte,2.7113420012083225,2.7095417614998496,2.7123962290834243,1.866689527449664e-3,3.6525343175560746e-4,2.434634989908897e-3
0xb2df8a,haskell,1.033359163979109,1.0332027693333052,1.0335035602289888,2.0676251634992873e-4,7.265824979185709e-5,2.772794432664733e-4
0x33a02c,haskell strict,1.0334641626877403,1.0330123462504919,1.0341990723128447,8.085431446602958e-4,1.3799399918446031e-4,9.703183089985509e-4
0xfb9a99,juvix,0.8041993238338137,0.8035000133753556,0.804915672750667,9.655867852272107e-4,4.739926362437953e-4,1.2997880838861214e-3
0xe31a1c,juvix wasm,1.5033698870623766,1.4962323545627214,1.507660393187166,7.203273220167454e-3,2.858987761663854e-3,9.9084994644274e-3
0xcab2d6,runtime,0.5721394996664912,0.5719730117500603,0.5723486866663734,2.514182464667108e-4,8.942413288572014e-5,3.3111114889441056e-4
0x6a3d9a,runtime wasm,1.2597389060834605,1.2582316676252958,1.2616415252500701,2.3075068320944346e-3,8.965101969720564e-4,2.988034941480368e-3
