Color,Name,Mean,MeanLB,MeanUB,Stddev,StddevLB,StddevUB
0xa6cee3,ocaml,0.35262521999967095,0.3445462746246145,0.3676912788747586,1.5250620714694943e-2,1.3269082501210505e-3,1.8657525148228424e-2
0x1f78b4,ocaml byte,2.7155177158955817,2.7001111247078975,2.7319516001248303,2.8835527744117705e-2,2.3724316563352235e-3,3.557999827801589e-2
0xb2df8a,haskell,1.034441844770716,1.0340605902706177,1.0346210100832043,3.6139445418537883e-4,5.294042188954377e-5,4.66704987467784e-4
0x33a02c,haskell strict,1.0340338049996944,1.0337992787500525,1.0344654322489077,4.296769504318988e-4,1.9841796905094202e-5,5.104971547926453e-4
0xfb9a99,juvix,0.8350817045625641,0.8305360675625479,0.8375879930625842,4.391914992190559e-3,2.1333042933701874e-3,5.788025360613817e-3
0xe31a1c,juvix wasm,1.5585884031458666,1.5467212685415839,1.569051141958956,1.512070171307921e-2,7.122436750705674e-3,1.969187625360089e-2
0xcab2d6,runtime,0.5878094212289019,0.5876680958120915,0.5879035837289924,1.542863157737347e-4,9.059356801032525e-5,2.174589790993502e-4
0x6a3d9a,runtime wasm,1.2604130360836052,1.2588697376252185,1.2611564316252952,1.4720224287268348e-3,2.549324997289659e-4,1.8472966571217127e-3
