Color,Name,Mean,MeanLB,MeanUB,Stddev,StddevLB,StddevUB
0xa6cee3,ocaml,0.4139572215829806,0.4137193622491395,0.41419508091682167,3.6867048259381764e-4,1.6919336147297104e-4,5.11188238119966e-4
0x1f78b4,ocaml byte,3.098811843166459,3.096734873499827,3.102340243499839,3.6462419022228105e-3,5.366897991956093e-4,4.672809037349615e-3
0xb2df8a,haskell,1.521819548999891,1.5200263527498237,1.5247828504996808,3.065106200363243e-3,4.856355002024193e-4,3.8237694707095337e-3
0x33a02c,haskell strict,1.5186115682085983,1.5184474523753124,1.5187271815836993,1.9173314487222994e-4,1.1370492359980373e-4,2.669976529459808e-4
0xfb9a99,juvix,0.915590117353986,0.915362203416862,0.9158315688328003,3.749878836812545e-4,1.903946189566728e-4,5.263446918023384e-4
0xe31a1c,juvix wasm,1.5647814188125722,1.5627002788121445,1.5682234728753883,3.626195206940383e-3,8.13516263149868e-4,4.769928927355466e-3
0xcab2d6,runtime,0.4452867703126155,0.44519310487544317,0.44536211887475474,1.1326466176646513e-4,7.436103564177899e-5,1.4018208820819862e-4
0x6a3d9a,runtime wasm,1.161901893458624,1.1607095333757798,1.1624765482916168,1.1278997196520237e-3,9.942067904826317e-5,1.3786124637687862e-3
