Color,Name,Mean,MeanLB,MeanUB,Stddev,StddevLB,StddevUB
0xa6cee3,ocaml,0.4160257844165092,0.41561753837481774,0.4166625929997281,7.222858290835127e-4,1.354189489752791e-4,9.399023743217292e-4
0x1f78b4,ocaml byte,3.1063610575207954,3.0981446570830635,3.1225779630626675,1.6151131927042955e-2,4.284935007490276e-4,1.8730840922519216e-2
0xb2df8a,haskell,1.532341045146192,1.5289415645006557,1.534403266437721,3.997266284727302e-3,3.44662851765697e-3,4.553267268684886e-3
0x33a02c,haskell strict,1.5392325681046184,1.5371568925417403,1.5430690402511118,3.8957968903576565e-3,3.8872233365816466e-4,4.658564340512133e-3
0xfb9a99,juvix,0.9716990873542954,0.9701266044372687,0.9728074151879582,1.9475194394395325e-3,1.0710835729259495e-3,2.5595734924622198e-3
0xe31a1c,juvix wasm,1.5642796034788564,1.5604421546245248,1.568687668749817,5.613089961968852e-3,2.2597761521834306e-3,7.632642727915682e-3
0xcab2d6,runtime,0.4271894973954886,0.4250042650828618,0.43152975343730304,4.3087397476204e-3,6.818383280915441e-5,5.011938763330805e-3
0x6a3d9a,runtime wasm,1.165419512146021,1.164678425625425,1.1659372967291497,9.209305510296178e-4,6.024531032081321e-4,1.1957722738067053e-3
