Color,Name,Mean,MeanLB,MeanUB,Stddev,StddevLB,StddevUB
0xa6cee3,ocaml,0.4159547193330961,0.4155399636666365,0.41625829849954243,5.139831483589454e-4,2.9895326712546804e-4,6.377497674875897e-4
0x1f78b4,ocaml byte,3.0967307681872476,3.096628946375025,3.096795689874701,1.068199306933801e-4,5.3434542423087854e-5,1.4993021491017066e-4
0xb2df8a,haskell,1.524839580937358,1.5219392455620664,1.5297942456871851,5.2320878859418735e-3,5.640040005042701e-4,6.4828371087178e-3
0x33a02c,haskell strict,1.5228992120833027,1.521278389750023,1.5249533062501541,2.4332283517576473e-3,7.893780013710442e-4,3.229825000335714e-3
0xfb9a99,juvix,0.9741988099583523,0.973696097624952,0.9744587870000032,4.870470507839021e-4,4.5392913748591984e-5,6.05966057881809e-4
0xe31a1c,juvix wasm,1.561197275333105,1.5579771904997415,1.564860245124919,5.149624300283361e-3,2.631833836993333e-3,7.2273604479146415e-3
0xcab2d6,runtime,0.4240523092707538,0.4239282951457047,0.42427543095830816,2.223554041715069e-4,4.416634961837429e-5,2.863983539217553e-4
0x6a3d9a,runtime wasm,1.162868395500065,1.1617593577502703,1.1639774332498596,1.5729405599135464e-3,6.725523262449334e-4,2.1316248252672117e-3
