Color,Name,Mean,MeanLB,MeanUB,Stddev,StddevLB,StddevUB
0xa6cee3,ocaml,0.49811183822938193,0.49768354043794716,0.49832883183368415,4.0593463541907873e-4,1.775699993231683e-4,5.011252634252829e-4
0x1f78b4,ocaml byte,3.73608063437473,3.728899586124271,3.7490647201254887,1.347615631278078e-2,2.449531943689496e-3,1.6583920561864418e-2
0xb2df8a,haskell,1.8316332569171057,1.8253479620417086,1.843434819126287,1.2086181145501808e-2,5.603864672449818e-4,1.451526675298673e-2
0x33a02c,haskell strict,1.8315168049385495,1.8280242874395753,1.8339397991880255,4.043085464270846e-3,2.2527430241912234e-3,5.59566552871968e-3
0xfb9a99,juvix,0.9413073084160715,0.9405633856245004,0.9416410948747398,7.307600223013267e-4,2.0480796876079066e-4,9.724404877400076e-4
0xe31a1c,juvix wasm,2.200127919561813,2.1948845278116096,2.2038517804368594,6.346591532577094e-3,3.600114307128569e-3,8.599888314530487e-3
0xcab2d6,runtime,0.5100864721245367,0.5097130924993204,0.5105862766251145,5.627498873833464e-4,1.6463649990328122e-4,6.88596567179093e-4
0x6a3d9a,runtime wasm,1.4333351334789768,1.4279967204793138,1.4397876075418026,7.997956881725473e-3,3.3453602059466195e-3,1.0342553321409681e-2
