Color,Name,Mean,MeanLB,MeanUB,Stddev,StddevLB,StddevUB
0xa6cee3,ocaml,0.3458294058127649,0.3452017133126901,0.3461755603752863,6.129953177796543e-4,2.984251250381931e-4,7.99409719411803e-4
0x1f78b4,ocaml byte,2.7064152476664276,2.703173593124802,2.708403238083065,3.284449916746862e-3,1.6536390585154784e-3,4.591067208767837e-3
0xb2df8a,haskell,1.034802659916598,1.0335094559995923,1.0368861408746852,2.1976168214772776e-3,4.5983433362073445e-4,2.743190891804827e-3
0x33a02c,haskell strict,1.0394469288747434,1.0377809555002386,1.0413584105000002,2.3663622545481663e-3,1.0322592493139382e-3,2.950877640499124e-3
0xfb9a99,juvix,0.8416860711669566,0.8348376766668176,0.8520312980008384,1.1255428743054203e-2,2.5586786665978134e-3,1.398460362450961e-2
0xe31a1c,juvix wasm,1.5452212584372849,1.5426526929995816,1.5467266714374923,3.012360662482131e-3,2.6594195327043165e-3,3.476602403645476e-3
0xcab2d6,runtime,0.5874731507290107,0.5871711876873178,0.5880168141873128,5.478031352645616e-4,8.674702230890654e-5,6.973537736269555e-4
0x6a3d9a,runtime wasm,1.2603245289582599,1.259520287374471,1.2606927049584253,7.682122288364058e-4,1.5678427713805966e-4,1.00705032835685e-3
