Color,Name,Mean,MeanLB,MeanUB,Stddev,StddevLB,StddevUB
0xa6cee3,ocaml,0.3430830562080776,0.34121086308330933,0.3460399658741835,3.3053275328937025e-3,7.280274166229506e-4,4.323644818239717e-3
0x1f78b4,ocaml byte,2.7001468631876073,2.69839245487492,2.7019012715002946,2.578746681668593e-3,1.1267323920908432e-3,3.5667406365254705e-3
0xb2df8a,haskell,1.0336312572916693,1.0332791553753395,1.0338363266248507,3.452284946792006e-4,1.6536266128488962e-4,4.7358733885946873e-4
0x33a02c,haskell strict,1.0332250472704725,1.0331083412495445,1.033354744562189,1.6353208814528147e-4,6.914316675954435e-5,2.0694355465275617e-4
0xfb9a99,juvix,0.8332371377499234,0.828013807624302,0.8365437325002556,5.47458615235717e-3,2.6726279906244357e-3,7.636253476821218e-3
0xe31a1c,juvix wasm,1.545177562583414,1.5435293949999505,1.5468257301668777,2.6667424012021307e-3,1.4290337808432218e-3,3.75800407890079e-3
0xcab2d6,runtime,0.5872075721250667,0.5870303912502095,0.5873487033749143,2.119764244097509e-4,1.457994426971517e-4,2.582643636462159e-4
0x6a3d9a,runtime wasm,1.2614665067294102,1.2611221975627132,1.2617256413128644,4.3953335081503927e-4,2.862396823165676e-4,5.984456860542937e-4
