Color,Name,Mean,MeanLB,MeanUB,Stddev,StddevLB,StddevUB
0xa6cee3,ocaml,0.32583043602997347,0.3173152710799331,0.34249671848017893,1.8077501371495656e-2,3.186196618495611e-3,2.2908427370724266e-2
0x1f78b4,ocaml byte,1.1707182795823883,1.1685481809988687,1.171755701416032,2.079343862183326e-3,3.364262359738773e-4,2.615804905782557e-3
0xb2df8a,haskell,3.268672830249443,3.256107107748903,3.2771750322497155,1.430698958187746e-2,7.300397717903767e-3,1.9634994454247653e-2
0x33a02c,haskell strict,1.485473190834,1.4831537663349081,1.4867990433335763,2.2533193131316085e-3,9.354365506669072e-4,3.0619251901444263e-3
0xfb9a99,juvix,2.1863652821247492,2.1841217787496134,2.188689045749773,2.96553710132409e-3,1.5353814725729306e-3,3.6640143416234333e-3
0xe31a1c,juvix wasm,1.913026766209062,1.8972931861664315,1.9249218143352966,1.8638217893920415e-2,1.5468936757921202e-2,2.1941236848739686e-2
0xcab2d6,runtime,4.4196017011252025,4.316940089750005,4.484889003375201,0.11945283190511083,0.10804820945264926,0.1301192349646141
0x6a3d9a,runtime wasm,2.6961912596661173,2.668737545998738,2.711401969999997,3.1826959720285354e-2,2.7718986001218582e-2,3.451501060992136e-2
