Color,Name,Mean,MeanLB,MeanUB,Stddev,StddevLB,StddevUB
0xa6cee3,ocaml,0.27025554568302446,0.2700351990333123,0.27065166069933183,4.201359345796775e-4,1.1239879256123603e-4,5.632552293834835e-4
0x1f78b4,ocaml byte,0.9434100541042957,0.9420731884583045,0.9447469197502869,1.9491099727965216e-3,9.887882195993532e-4,2.7151650116524727e-3
0xb2df8a,haskell,2.631220692666792,2.6179021577499952,2.6483353041253395,2.115885885316102e-2,8.218939327569213e-3,2.890673988783592e-2
0x33a02c,haskell strict,1.211275776333385,1.2098344541249162,1.2119869334583957,1.4199414554524814e-3,9.492391670085087e-5,1.7190998789567526e-3
0xfb9a99,juvix,1.8354945872920705,1.8325487215832559,1.8383397128761771,3.742223054683292e-3,1.8991070007814415e-3,4.618449104957608e-3
0xe31a1c,juvix wasm,1.441905365666912,1.4414476988752085,1.4427124836252005,8.611300746812472e-4,2.0694063859677298e-4,1.0483716019814237e-3
0xcab2d6,runtime,3.7010254585624884,3.6902513329376916,3.7061531976249475,1.021731054982025e-2,4.2346157797612674e-3,1.3039771206857252e-2
0x6a3d9a,runtime wasm,2.272569353750214,2.2665883720001148,2.276690587500525,7.413759449902696e-3,4.291897307205258e-3,9.037408101463107e-3
