Color,Name,Mean,MeanLB,MeanUB,Stddev,StddevLB,StddevUB
0xa6cee3,ocaml,0.31767589654334494,0.31700621986662253,0.31842452013346095,1.0669850305592655e-3,8.61771948941522e-4,1.2910975276961812e-3
0x1f78b4,ocaml byte,1.0010455764581063,0.9981477502497,1.002835444958161,3.12805878168142e-3,1.7725595179795403e-3,4.416703097481517e-3
0xb2df8a,haskell,2.729528884229012,2.7274076815626813,2.730396991250018,2.121721966773478e-3,7.806635986302686e-4,2.898523805705635e-3
0x33a02c,haskell strict,1.3864165916458735,1.3364177479376167,1.4195929368336995,5.9606295313208386e-2,5.3725847609840505e-2,6.583048127231317e-2
0xfb9a99,juvix,1.8202343379168344,1.8192439568332852,1.8210336430001917,1.1933211991609531e-3,8.423815297222888e-4,1.4613093274966793e-3
0xe31a1c,juvix wasm,1.4344269267290504,1.4328743360617864,1.4365324986251835,2.67370444930018e-3,1.4838257288221199e-3,3.3336845409320318e-3
0xcab2d6,runtime,3.417290209687811,3.416679213874886,3.417825748750147,7.594158938285154e-4,4.027611257697572e-4,9.459658994991222e-4
0x6a3d9a,runtime wasm,2.1648082725836653,2.1003285935003078,2.229896349000228,7.631537607217585e-2,6.712016672995218e-2,7.863721976579664e-2
