Color,Name,Mean,MeanLB,MeanUB,Stddev,StddevLB,StddevUB
0xa6cee3,ocaml,0.27054177135026597,0.2701837947501796,0.2712299709504805,7.215319351331853e-4,1.5379734446660607e-4,9.56702650439331e-4
0x1f78b4,ocaml byte,0.9453766957918409,0.943299347374932,0.9482004723754471,3.1194808164088303e-3,9.589655834740252e-4,3.8183150029168613e-3
0xb2df8a,haskell,2.5887031188124943,2.582645411500077,2.5947608261249115,1.040798454567045e-2,2.0183234998210065e-3,1.3483773771385932e-2
0x33a02c,haskell strict,1.2072693096248865,1.2051619143750638,1.2110424877497887,3.7830331842861015e-3,6.333719996595155e-4,4.530753982353603e-3
0xfb9a99,juvix,1.8249820878332532,1.8211298874996373,1.8269722077502593,3.7621521704427623e-3,5.925606311982115e-4,4.755343472039197e-3
0xe31a1c,juvix wasm,1.690143337145552,1.6900244659166979,1.6902225628118686,1.4925835399910706e-4,7.929112507554237e-5,1.8296383909827666e-4
0xcab2d6,runtime,3.6485530276253635,3.638151972250398,3.6617439141252817,1.5567108717771325e-2,5.006291850865041e-3,2.0598859654641023e-2
0x6a3d9a,runtime wasm,2.4857886554376214,2.478910859500199,2.4949495761253124,1.1439874872216085e-2,4.473716139614212e-3,1.5712983349879202e-2
