Color,Name,Mean,MeanLB,MeanUB,Stddev,StddevLB,StddevUB
0xa6cee3,ocaml,0.30877000599955257,0.3063740175998828,0.3105257447993063,2.97082856929076e-3,2.0039984449393127e-3,4.3883933874198046e-3
0x1f78b4,ocaml byte,1.1095923041468723,1.1036975948129566,1.1133376555224004,6.388906979699802e-3,2.615778843245582e-3,8.649518499483573e-3
0xb2df8a,haskell,3.0116433195825416,2.999655984166414,3.029666558082378,2.042384869856507e-2,4.9909238333991635e-3,2.694416553017975e-2
0x33a02c,haskell strict,1.4167777158339352,1.4133061548339658,1.420552139167436,4.998350200677823e-3,2.4732789128956165e-3,6.635640796510331e-3
0xfb9a99,juvix,2.130318302958282,2.1210337141246782,2.1465062833337165,1.734470036785442e-2,4.220165083703931e-3,2.1233135217787004e-2
0xe31a1c,juvix wasm,1.9984286219583585,1.9917335418343403,2.001605491457743,6.337603092337599e-3,2.303162614232233e-3,8.124959404792655e-3
0xcab2d6,runtime,4.115682300811916,4.105133819248597,4.126389813624428,1.51551448840962e-2,7.768117250028351e-3,2.0059383564157224e-2
0x6a3d9a,runtime wasm,2.8503425963544182,2.846236782833633,2.8535050989378306,5.011895146129849e-3,3.284824734205182e-3,6.197145431666051e-3
