Color,Name,Mean,MeanLB,MeanUB,Stddev,StddevLB,StddevUB
0xa6cee3,ocaml,2.3943797878755126,2.345481004250587,2.4288623472507425,5.7536054215606876e-2,4.892151871568417e-2,6.455019362632908e-2
0x1f78b4,ocaml byte,6.391457877874814,6.362037204749868,6.42087855099976,4.259665768612478e-2,1.5764580991438883e-2,5.686318702044245e-2
0xb2df8a,haskell,2.086107997041798,2.0578017211249744,2.128784640875665,4.570772189907145e-2,9.29060533318693e-3,5.5489328471244895e-2
0x33a02c,haskell strict,2.0722709592497117,2.0691841529996964,2.0743201502498323,3.7219475036563083e-3,2.5925547847625557e-3,4.634858842332286e-3
0xfb9a99,juvix,4.990173418500073,4.9862148614996995,4.9921907030001575,3.764141328147699e-3,1.7735956018371988e-3,4.658718996622956e-3
0xe31a1c,juvix wasm,4.1948143536250955,4.1827269326253145,4.200573293874905,1.147277027249592e-2,4.4017672497980165e-3,1.4615000258229127e-2
0xcab2d6,runtime,3.3305698631870655,3.322931394875013,3.337757952249376,9.226500736656845e-3,6.250567288824326e-3,1.118308490947582e-2
0x6a3d9a,runtime wasm,3.283604225958546,3.2785934815008204,3.2861808485832475,4.929703712585554e-3,3.118589162518804e-3,5.950455063885931e-3
