Color,Name,Mean,MeanLB,MeanUB,Stddev,StddevLB,StddevUB
0xa6cee3,ocaml,0.26899043783688587,0.26859395145038434,0.2692283916901579,4.493068184190546e-4,1.8210014526525169e-4,6.224462103741306e-4
0x1f78b4,ocaml byte,0.9415110471461882,0.9399381706669676,0.9426288959376734,1.9712607552397595e-3,1.0030426249159063e-3,2.4741887757122696e-3
0xb2df8a,haskell,2.587161754375188,2.5851242522503526,2.590455995875004,3.637942674229342e-3,8.233986268066269e-4,4.667499627881578e-3
0x33a02c,haskell strict,1.2056943517498364,1.2046515049999016,1.2074742522499946,1.783062826986527e-3,3.131894269703258e-4,2.2773483219174565e-3
0xfb9a99,juvix,1.8188428643958712,1.8169681395002044,1.8202560297289287,2.4285403032524963e-3,1.4845423877890582e-3,3.263565541800825e-3
0xe31a1c,juvix wasm,1.687971619249841,1.6872302309998304,1.6886414680000144,9.710586373798165e-4,4.90107500202952e-4,1.2970681866516353e-3
0xcab2d6,runtime,3.637452987458649,3.6326796983748864,3.646642287750865,9.216685222174214e-3,3.01993666804945e-4,1.0786378583377703e-2
0x6a3d9a,runtime wasm,2.4648905315417173,2.45993057137548,2.468371171541397,5.842789241492465e-3,3.783703883482937e-3,8.03819376306884e-3
