Color,Name,Mean,MeanLB,MeanUB,Stddev,StddevLB,StddevUB
0xa6cee3,ocaml,1.7542447916453814,1.7516180001869088,1.7582083911247537,4.729816301400626e-3,2.0506601254055568e-3,5.862584759652395e-3
0x1f78b4,ocaml byte,7.05393998989598,6.980285666396185,7.091602397958468,6.974527382540764e-2,2.87780375829243e-2,8.509242395915992e-2
0xb2df8a,haskell,2.5285334594998403,2.4966395822511913,2.5435705004990723,3.0275931456165753e-2,7.98195003254792e-3,3.892919578514545e-2
0x33a02c,haskell strict,2.4237375843748246,2.415924971374352,2.4277014220000033,7.539327995927257e-3,2.5818845830906023e-3,1.003052562055412e-2
0xfb9a99,juvix,5.90206294352068,5.860422280957967,5.980991835833568,7.859203593948268e-2,7.3907841087187814e-3,9.616499095926749e-2
0xe31a1c,juvix wasm,4.857157305145317,4.829197229998499,4.8785597827713145,3.415758414052067e-2,2.2330586318939312e-2,4.206142684612057e-2
0xcab2d6,runtime,3.814426975458749,3.8033937517502636,3.820071436167079,1.0824019683817158e-2,1.1952522866909392e-3,1.3359096183936376e-2
0x6a3d9a,runtime wasm,3.9700903372498337,3.945462041749731,4.012208338875098,4.447956475690394e-2,5.398363250302962e-3,5.5536985451316544e-2
