Color,Name,Mean,MeanLB,MeanUB,Stddev,StddevLB,StddevUB
0xa6cee3,ocaml,1.8399704938543284,1.7566390004378718,1.8849269692500457,8.280310955932632e-2,3.681456488089253e-2,0.11463020275237584
0x1f78b4,ocaml byte,6.680078668104367,6.422399537582654,7.024268800167799,0.39703317204070077,8.853773062711628e-2,0.5223443281120707
0xb2df8a,haskell,2.47811952152036,2.381473278748672,2.529251979729149,0.11178705836371264,9.839142039581444e-2,0.1180853540446854
0x33a02c,haskell strict,2.239632968791284,2.1942868300830014,2.2700384479162494,5.5968331065040774e-2,3.347656782990177e-2,7.02184462305535e-2
0xfb9a99,juvix,3.7008457564372748,3.597932052500255,3.8265575853126848,0.14952625874734982,6.748521921031604e-2,0.1876057473778248
0xe31a1c,juvix wasm,1.5526244522081925,1.5424315429579565,1.557568805083065,9.71236487851895e-3,1.777456833224278e-3,1.2121021744692121e-2
0xcab2d6,runtime,3.884447535437554,3.8220474207500956,3.947599163374889,8.134275225301084e-2,5.094823473357176e-2,0.1089540485334898
0x6a3d9a,runtime wasm,4.216923491311718,4.191790332124583,4.2473492641856865,4.121786237390621e-2,1.939348600255481e-2,5.7596688741149094e-2
