Color,Name,Mean,MeanLB,MeanUB,Stddev,StddevLB,StddevUB
0xa6cee3,ocaml,2.3490870823541172,2.3431201793750915,2.354643913000018,7.478807398342058e-3,4.02205595810301e-3,9.135701984462426e-3
0x1f78b4,ocaml byte,6.352499841520967,6.331425289667095,6.392620173707883,4.077955718628805e-2,1.7807433341658907e-3,4.747281883843053e-2
0xb2df8a,haskell,2.0578645295209603,2.051646679625037,2.0652810764377136,8.790498673217175e-3,3.346101916728683e-3,1.0990058240084507e-2
0x33a02c,haskell strict,2.06957275110445,2.0686359853750673,2.0703469631257576,1.2114277740915259e-3,8.249783325167582e-4,1.6206842714690574e-3
0xfb9a99,juvix,4.972567443458009,4.965883475874534,4.975949120916235,6.471364366263376e-3,1.2344751666355513e-3,8.43070553691261e-3
0xe31a1c,juvix wasm,4.16411068177096,4.1560879232501975,4.169663686625199,9.232876836083526e-3,5.813840662569835e-3,1.282411538962663e-2
0xcab2d6,runtime,3.319889211437195,3.3175985062497753,3.3227510845623556,3.300037616375069e-3,1.5485138406450415e-3,4.391458216514622e-3
0x6a3d9a,runtime wasm,3.2707448110415953,3.2680697898331346,3.272917615749975,3.3487384969760775e-3,1.9986054515584266e-3,4.336667820357572e-3
