Color,Name,Mean,MeanLB,MeanUB,Stddev,StddevLB,StddevUB
0xa6cee3,ocaml,2.3543651916665262,2.341993807333286,2.362818308166576,1.5420914915356732e-2,7.749679517964237e-3,1.952163634718025e-2
0x1f78b4,ocaml byte,6.343999990187133,6.3399384359997075,6.3478002043744555,5.03470713912319e-3,2.6913001250554736e-3,6.27211191041198e-3
0xb2df8a,haskell,2.0704446838337844,2.0511385466668344,2.10410500383432,3.596868939450591e-2,6.13409049992697e-3,4.3524579481838216e-2
0x33a02c,haskell strict,2.0689155578540217,2.068117015333276,2.0696771577495383,1.2421582555586146e-3,7.522218687738032e-4,1.7543786742619833e-3
0xfb9a99,juvix,4.726194403458332,4.723653127500029,4.72911158450006,3.8796546373903065e-3,1.7670180268511563e-3,5.3799341756718974e-3
0xe31a1c,juvix wasm,3.71361462872945,3.704611659062948,3.7195936274793744,9.805959319744187e-3,5.6812508233695e-3,1.3807906151013056e-2
0xcab2d6,runtime,3.3120175811042523,3.3113107467082346,3.3123811354375903,8.165460145140791e-4,7.100974397011345e-4,8.395927688707683e-4
0x6a3d9a,runtime wasm,3.304505053750139,3.2993467073754346,3.3081975212500465,6.302870918562316e-3,4.208597871256483e-3,8.527388420182372e-3
