Color,Name,Mean,MeanLB,MeanUB,Stddev,StddevLB,StddevUB
0xa6cee3,ocaml,0.29458566248332013,0.2903294340000139,0.29884189096662644,6.099810727559169e-3,3.5942326295804747e-3,7.980429555919573e-3
0x1f78b4,ocaml byte,1.1103482015001493,1.09674564212537,1.1206217178753377,1.764759054474731e-2,1.5864392686616248e-2,2.0572007382323478e-2
0xb2df8a,haskell,3.0739702720211426,3.0010723298337325,3.11423518837546,7.407719529380037e-2,2.374100982991456e-2,9.976334209996188e-2
0x33a02c,haskell strict,1.4852927295827765,1.478993733749121,1.491591725416432,8.894481067782569e-3,4.603064027548013e-3,1.2312451655859761e-2
0xfb9a99,juvix,2.053368014021544,2.031131732666836,2.068754701189391,2.801959623655442e-2,1.486840133475198e-2,3.4183941077590554e-2
0xe31a1c,juvix wasm,1.7586514322705018,1.7334108776249195,1.7790188579374444,3.0242335348234457e-2,2.19054377180006e-2,3.677757558942566e-2
0xcab2d6,runtime,4.189513680020506,4.14178524674935,4.213379497375172,4.6780661969120244e-2,3.9675385889285444e-3,5.518340757195849e-2
0x6a3d9a,runtime wasm,2.646564981875599,2.6219738028758,2.668883565375836,3.156989126031127e-2,1.9369917767227077e-2,3.84743439445665e-2
