Color,Name,Mean,MeanLB,MeanUB,Stddev,StddevLB,StddevUB
0xa6cee3,ocaml,1.939852867062503,1.9380915091251154,1.9409406598122132,2.1103506229286405e-3,1.6095733092101917e-3,2.458108607950067e-3
0x1f78b4,ocaml byte,5.905779250979019,5.902580915332996,5.907927932416594,3.912532003467207e-3,2.5386194591816283e-3,4.962167225546369e-3
0xb2df8a,haskell,2.133021922104414,2.13245135162515,2.1332751939172945,5.846109790898003e-4,2.466467442024698e-4,8.063090071949182e-4
0x33a02c,haskell strict,2.0729180243332244,2.0722917063744717,2.0732325190001575,6.094622497211544e-4,2.2591324703363563e-4,8.276734692977382e-4
0xfb9a99,juvix,5.099385432374902,5.091675647999637,5.103857234875022,7.543000257313426e-3,3.6186933139617464e-3,1.0327185508829067e-2
0xe31a1c,juvix wasm,4.1379896406873895,4.132898160874674,4.140520320749981,4.8156161390719935e-3,6.955843881873217e-5,5.913913700298293e-3
0xcab2d6,runtime,3.2669523379587417,3.2654071792504737,3.2676796668338284,1.4706147938748813e-3,3.879406512269554e-4,1.8886970973542353e-3
0x6a3d9a,runtime wasm,3.3499819217288405,3.348088784624906,3.351875058832775,2.991678513127336e-3,1.7082681052676839e-3,4.22148095635503e-3
