Color,Name,Mean,MeanLB,MeanUB,Stddev,StddevLB,StddevUB
0xa6cee3,ocaml,2.02652899845801,2.0055046252491593,2.040608744332834,2.6140883969735712e-2,1.3889254668053352e-2,3.251578028380431e-2
0x1f78b4,ocaml byte,7.532916605249814,7.352255575499839,7.699908075249823,0.22560427655695095,0.124181335999765,0.2738265210973086
0xb2df8a,haskell,2.631134338354362,2.5673303399165284,2.664677814188508,6.255143227723893e-2,2.8367081075435563e-2,8.564360791343105e-2
0x33a02c,haskell strict,2.546816380166471,2.517223133999323,2.5660175888334225,3.2787123437552856e-2,1.6803499740905475e-2,4.4343291970522794e-2
0xfb9a99,juvix,6.070641173249669,6.0466393461251755,6.109345448374597,4.1520109798303506e-2,1.0320535749542614e-2,5.0700497005410225e-2
0xe31a1c,juvix wasm,5.11317687393777,5.055945871500323,5.1764623101251654,8.208697925107347e-2,3.760781971034765e-2,0.10854363476395368
0xcab2d6,runtime,4.13330207654091,4.0273328327484705,4.205088560749346,0.12389398092274002,0.1080930158046796,0.13973900098236483
0x6a3d9a,runtime wasm,4.2703171476871375,4.212048776874781,4.328585518499494,9.541359020798014e-2,3.0618932408481472e-2,0.12866845838136381
