Color,Name,Mean,MeanLB,MeanUB,Stddev,StddevLB,StddevUB
0xa6cee3,ocaml,0.30067910630350525,0.2970875547503965,0.3036097826432524,5.1429408199276825e-3,3.3281901527750985e-3,6.681919648078714e-3
0x1f78b4,ocaml byte,1.1430591758955113,1.1310356090621099,1.1484178975620125,1.1601045326327815e-2,5.40397905267861e-3,1.5391800604867749e-2
0xb2df8a,haskell,3.052291159729293,2.9792541185208847,3.1772125958125343,0.12693765896852915,3.0411417041705135e-2,0.1686718216099537
0x33a02c,haskell strict,1.4861647569370386,1.4574967471248783,1.5004705001871723,2.804475280134048e-2,2.390211874929604e-3,3.448295583377398e-2
0xfb9a99,juvix,2.0527836652711358,1.9935911975205727,2.0924865677088746,6.706169577248705e-2,2.634867087532406e-2,9.168992564015198e-2
0xe31a1c,juvix wasm,1.7120908468954592,1.7032821504161197,1.721504080624527,1.4627255460197322e-2,6.573642605737626e-3,2.0342813134225514e-2
0xcab2d6,runtime,4.282541202604913,4.177464333919185,4.4337240426878,0.17774813100341663,5.901808158372068e-2,0.22565482290603112
0x6a3d9a,runtime wasm,2.654307970208265,2.579036706667466,2.705026683374399,9.226271905471793e-2,5.9087415705866564e-2,0.11712985079767545
