Color,Name,Mean,MeanLB,MeanUB,Stddev,StddevLB,StddevUB
0xa6cee3,ocaml,0.31674338728673324,0.3163972230397485,0.3171014361671041,5.462772596304992e-4,3.74865477475099e-4,7.711131203821731e-4
0x1f78b4,ocaml byte,1.0021776180415902,1.0001382921248023,1.0032256385416833,1.9311396111449846e-3,7.778725832091604e-4,2.420299671380028e-3
0xb2df8a,haskell,2.7200115107082943,2.7177444697499595,2.7215140593333067,2.7603669023602306e-3,1.5289846666444173e-3,3.4699874124856983e-3
0x33a02c,haskell strict,1.3346255476249098,1.3331107827498272,1.3357219919998897,1.8527850737679907e-3,1.1129403480764418e-3,2.5321298201844084e-3
0xfb9a99,juvix,1.8258251503541487,1.820318267187531,1.8283386816040093,5.285879823933751e-3,2.268261550087275e-3,6.912850139675958e-3
0xe31a1c,juvix wasm,1.461717389479001,1.4595752848329844,1.4635303910623634,3.009365064979177e-3,1.850942875043192e-3,4.186947808782113e-3
0xcab2d6,runtime,3.3779574813124404,3.376880484874998,3.3788231393124306,1.4551433672833358e-3,8.848983031730857e-4,1.999151517282158e-3
0x6a3d9a,runtime wasm,2.05059541595881,2.0465809965834296,2.052869466209131,3.883980473039535e-3,1.5580141621758057e-3,5.2516940966945485e-3
