Color,Name,Mean,MeanLB,MeanUB,Stddev,StddevLB,StddevUB
0xa6cee3,ocaml,1.9683233211452869,1.967446830499739,1.9688972676244703,9.38051455773596e-4,5.398015215469957e-4,1.3254726170280403e-3
0x1f78b4,ocaml byte,5.9459422475621295,5.939895452999735,5.951989042124524,7.790513361049502e-3,4.548048282215549e-3,1.0390142813360344e-2
0xb2df8a,haskell,2.4034733825000862,2.401959732000099,2.4042685982501175,1.4330667579566475e-3,4.6508549993018455e-4,1.752304570199649e-3
0x33a02c,haskell strict,2.174539087395639,2.1741544214376063,2.174772474291406,4.1187870015411325e-4,2.5065541255701797e-4,5.389839483861892e-4
0xfb9a99,juvix,3.442451410166465,3.4407446940834534,3.4438454638745952,2.102342090809467e-3,1.4103214604373202e-3,2.702799755502211e-3
0xe31a1c,juvix wasm,1.3192302226665713,1.3138568529998338,1.3223352253746725,6.327686375959964e-3,5.341408813759041e-3,7.111729120623207e-3
0xcab2d6,runtime,3.2956298820000334,3.2912820879998135,3.2985510158753186,5.1998727387642515e-3,3.6409569329732775e-3,6.3609926754516965e-3
0x6a3d9a,runtime wasm,3.4910525022917605,3.487362799333444,3.4964317563755003,6.318788327347416e-3,1.9800988011224275e-3,8.493035213815784e-3
