Color,Name,Mean,MeanLB,MeanUB,Stddev,StddevLB,StddevUB
0xa6cee3,ocaml,1.7945583829372633,1.7911870083748909,1.7969747007491605,4.050165406546615e-3,2.735381875705245e-3,4.96770704521985e-3
0x1f78b4,ocaml byte,7.204122093249528,7.1859156613744135,7.23912442674964,3.507906792327529e-2,1.625174323499519e-3,4.204595337631977e-2
0xb2df8a,haskell,2.9759718405420394,2.9251615433339184,3.0060907835002126,5.9672160543552226e-2,5.371495195953001e-2,6.955671929843284e-2
0x33a02c,haskell strict,2.6162290915413755,2.609923496499505,2.6193631522496617,5.999422567907182e-3,1.2602557494574285e-3,7.324344804955894e-3
0xfb9a99,juvix,4.004024953354019,3.996742307999739,4.009247309041712,9.167740841110007e-3,5.968622076720219e-3,1.2060513848372884e-2
0xe31a1c,juvix wasm,1.5854671313534254,1.5526202749169897,1.6211714336641307,4.373783787667327e-2,1.999294037477739e-2,5.364793049010999e-2
0xcab2d6,runtime,3.8745736308325527,3.8701581724999414,3.880470393374708,6.758545763330166e-3,2.1860349164246617e-3,8.46935692634974e-3
0x6a3d9a,runtime wasm,4.207555406021129,4.185274363687768,4.228545297250093,3.1689283180114186e-2,1.6440366217161825e-2,4.174478717200952e-2
