Color,Name,Mean,MeanLB,MeanUB,Stddev,StddevLB,StddevUB
0xa6cee3,ocaml,1.9386189299372443,1.937872515812463,1.9396692043743922,1.2841362066849321e-3,5.360653363825698e-4,1.7237695834777475e-3
0x1f78b4,ocaml byte,5.90505744235448,5.8973108107709695,5.916933640417331,1.3520079810872918e-2,3.5158290416652527e-3,1.6117912576073635e-2
0xb2df8a,haskell,2.1347713027497925,2.133632797999856,2.136495718249686,1.9913428791048316e-3,4.140167499524505e-4,2.629264095397992e-3
0x33a02c,haskell strict,2.070633178062394,2.0695083720002003,2.0720037604996833,1.686551810621855e-3,6.150116466488531e-4,2.2792807124362006e-3
0xfb9a99,juvix,5.086458798833178,5.0806516383335065,5.089573303082943,5.521859169302294e-3,2.1484777072014643e-3,7.192639467977517e-3
0xe31a1c,juvix wasm,4.15802408841671,4.148800369416676,4.17371964712504,1.722639801280705e-2,5.10792933346238e-3,2.1075212733271814e-2
0xcab2d6,runtime,3.264810827062926,3.2634102463751633,3.2662114077506885,2.2628631496421575e-3,1.2193189915054217e-3,3.1897083949023546e-3
0x6a3d9a,runtime wasm,3.352654614624688,3.351401757124563,3.3535590282497196,1.435009833018051e-3,7.940273011489006e-4,2.0226231152751274e-3
