Color,Name,Mean,MeanLB,MeanUB,Stddev,StddevLB,StddevUB
0xa6cee3,ocaml,0.31472277406314486,0.3143884474594961,0.314992219813527,4.575973597402368e-4,3.776240661029436e-4,5.364796850892733e-4
0x1f78b4,ocaml byte,1.165237170354203,1.1632528488123626,1.166325574833536,1.954329464772794e-3,7.404757767031638e-4,2.661535041032322e-3
0xb2df8a,haskell,3.1818401680623842,3.1582135885628304,3.194940255812071,2.3357358923315943e-2,1.5162342659345806e-2,3.0253356754757686e-2
0x33a02c,haskell strict,1.4946762395413014,1.4797157354166,1.5237282538741965,2.9354276961626784e-2,8.187574480760205e-4,3.454980433443544e-2
0xfb9a99,juvix,2.184658348792103,2.1806578415007607,2.186999314458869,4.687075362946962e-3,3.910455749974062e-3,5.406228631483584e-3
0xe31a1c,juvix wasm,2.079677007957798,2.051523780250136,2.0974709967908893,3.373100830513927e-2,2.4592229530458882e-2,4.1093456970969444e-2
0xcab2d6,runtime,4.243747236104355,4.23460040100008,4.256467611563039,1.5580393946250404e-2,4.290324298810598e-3,2.0729299967720695e-2
0x6a3d9a,runtime wasm,2.655916838291129,2.6294996379162208,2.668880857290939,2.5177994834896734e-2,5.125548769708627e-3,3.106879155347925e-2
