Color,Name,Mean,MeanLB,MeanUB,Stddev,StddevLB,StddevUB
0xa6cee3,ocaml,0.3163140094835641,0.315517923950174,0.316683302600286,8.246352981108625e-4,3.5382087189455435e-4,1.1975057280286874e-3
0x1f78b4,ocaml byte,1.0019617492290915,1.0007745059162214,1.0030715104376213,1.6442767848783406e-3,1.0837408708959692e-3,2.0534821023523333e-3
0xb2df8a,haskell,2.7174689180417695,2.7152176250001503,2.720210374291734,3.231840986100719e-3,1.2489399998685258e-3,3.952525168625702e-3
0x33a02c,haskell strict,1.3358780432919655,1.3342196597509428,1.3368397328334445,1.6482114099853607e-3,5.483878333810699e-4,2.228007774786943e-3
0xfb9a99,juvix,1.8239776796460017,1.822708820124717,1.8247254286882253,1.4729995417606546e-3,1.300361651303757e-3,1.6130938476745021e-3
0xe31a1c,juvix wasm,1.4361166685831677,1.4316462877497997,1.4418889510002373,6.903258484604516e-3,2.2739849787844933e-3,9.271814235299197e-3
0xcab2d6,runtime,3.4290588089376115,3.421433818999958,3.434868981750242,9.841604504016482e-3,6.370607202980137e-3,1.3418019349641392e-2
0x6a3d9a,runtime wasm,2.095258240895911,2.082238060437362,2.103760387958497,1.4091533828798863e-2,6.89735599647667e-3,1.9634867581095526e-2
