Color,Name,Mean,MeanLB,MeanUB,Stddev,StddevLB,StddevUB
0xa6cee3,ocaml,0.31316547292313773,0.31035314300621397,0.3159778028400615,4.163012222517032e-3,3.14910066312428e-3,5.416572057238542e-3
0x1f78b4,ocaml byte,1.153529045562512,1.1413047047499276,1.1658326986253087,1.642101446882579e-2,7.182276375109153e-3,2.002952808448263e-2
0xb2df8a,haskell,3.176497139021876,3.1397623450020546,3.1971776888547083,3.573940090365529e-2,1.7573271698925357e-2,4.775968405190053e-2
0x33a02c,haskell strict,1.5138063998752689,1.5059011530004984,1.5273181035002683,1.4084204961880793e-2,2.923086596069822e-3,1.7640253314801183e-2
0xfb9a99,juvix,2.169103479666395,2.1531174958333095,2.1817048809164894,1.9066293288126424e-2,1.3858329499726096e-2,2.2551955075002565e-2
0xe31a1c,juvix wasm,1.804512543208072,1.7884664872084766,1.8176678111242381,2.0588793191886407e-2,1.3577979782951926e-2,2.804046352828629e-2
0xcab2d6,runtime,4.365549666561795,4.3356359239378435,4.396122967374595,3.969447109841741e-2,2.0351038205263017e-2,4.9127271629930115e-2
0x6a3d9a,runtime wasm,2.7810500716248803,2.76992432949919,2.786711792500076,1.2849768439014317e-2,1.1148875286902879e-2,1.30751842854835e-2
