Color,Name,Mean,MeanLB,MeanUB,Stddev,StddevLB,StddevUB
0xa6cee3,ocaml,1.7849782806041883,1.7762876467080182,1.8012700819379006,1.6195196162888118e-2,1.9156811744540734e-3,2.0070159277529268e-2
0x1f78b4,ocaml byte,7.152406444395486,7.147649589166273,7.156470660395674,5.843052866961236e-3,3.5083073534498696e-3,7.1384149718448295e-3
0xb2df8a,haskell,2.899024210354052,2.891479912333428,2.9032399209160453,8.75540872499846e-3,7.609645499542239e-3,9.584852972992488e-3
0x33a02c,haskell strict,2.622663475916094,2.6180872439981613,2.6250917285832047,4.385794003246145e-3,2.1391502019221372e-3,5.607809324067844e-3
0xfb9a99,juvix,5.792728389291824,5.78339861733366,5.80027548062526,1.117306785494966e-2,7.884388500315254e-3,1.3221032200369786e-2
0xe31a1c,juvix wasm,4.664318337938236,4.65544621793947,4.676122645750183,1.4906877708454586e-2,6.890957574570594e-3,1.8878282815893266e-2
0xcab2d6,runtime,3.8278381867084286,3.8204983575830433,3.831549786166609,7.167931018102985e-3,2.7963950690161714e-3,9.783391991957137e-3
0x6a3d9a,runtime wasm,4.170234767855088,4.153339671021589,4.2000867921680465,3.1386933737606044e-2,3.889077703839821e-3,3.901755481922098e-2
