Color,Name,Mean,MeanLB,MeanUB,Stddev,StddevLB,StddevUB
0xa6cee3,ocaml,1.9530291950419876,1.9473804417502834,1.9565632678750262,6.589463878746173e-3,5.722701925273819e-3,7.37136295959046e-3
0x1f78b4,ocaml byte,5.914260341791571,5.908460536749772,5.920704141749866,8.372712251855572e-3,3.6936216444464626e-3,1.1157894204080475e-2
0xb2df8a,haskell,2.1368214383330346,2.135887068999864,2.1377558076662053,1.3545789180849904e-3,5.047527489383008e-4,1.8119988082339038e-3
0x33a02c,haskell strict,2.071038465645529,2.07001764581139,2.0715039132293214,9.744129439922643e-4,3.187706447953171e-4,1.2825772729517892e-3
0xfb9a99,juvix,5.027442116707941,5.026238121582916,5.028032836457821,1.1427764507882271e-3,2.5211033304595176e-4,1.416298811708044e-3
0xe31a1c,juvix wasm,4.141319621333385,4.138284121625475,4.145144352625152,4.5873417534176755e-3,1.6186134810307704e-3,6.0399056733910685e-3
0xcab2d6,runtime,3.353848655541583,3.3519194281249156,3.3551051219582178,2.36846904716027e-3,1.120760249932573e-3,2.8750035014051397e-3
0x6a3d9a,runtime wasm,3.48268088556271,3.479806954000499,3.4845420155624347,3.4996295952863087e-3,2.3182271201458563e-3,4.298095625351667e-3
