Color,Name,Mean,MeanLB,MeanUB,Stddev,StddevLB,StddevUB
0xa6cee3,ocaml,2.3454729923957984,2.3396757734374205,2.349998523729255,7.6813605143894095e-3,4.23945779175483e-3,1.0451266934388683e-2
0x1f78b4,ocaml byte,6.335166069083091,6.331212848249379,6.338123791208393,4.972436805280071e-3,3.018742445145437e-3,6.503320390561116e-3
0xb2df8a,haskell,2.054260585416993,2.0500772683338555,2.059943715625195,6.472088302763798e-3,1.2792792544976785e-3,8.448047502465235e-3
0x33a02c,haskell strict,2.0740606368957137,2.0685408136873775,2.084788578624739,1.0837166452188875e-2,2.448273074833439e-5,1.2710773354023541e-2
0xfb9a99,juvix,4.9933506897919715,4.989975624875342,4.995041419792035,3.2329331227369047e-3,1.689904083074456e-3,3.9045736826555264e-3
0xe31a1c,juvix wasm,4.171491550895553,4.164826135332987,4.183103242833113,1.1871918484134998e-2,1.5886721218218158e-4,1.4149603454259108e-2
0xcab2d6,runtime,3.3238699340000344,3.321754008750304,3.3254964813748606,2.5833949902986904e-3,1.6018095236076946e-3,3.1896847224789095e-3
0x6a3d9a,runtime wasm,3.2768621677710903,3.2753026296044636,3.279595633062627,2.7331780870620158e-3,6.394144582675398e-4,3.601599121253902e-3
