Color,Name,Mean,MeanLB,MeanUB,Stddev,StddevLB,StddevUB
0xa6cee3,ocaml,0.26977924752650023,0.2694934636464556,0.2699473085664673,3.262654044134602e-4,1.1400609337576219e-4,4.441906730490627e-4
0x1f78b4,ocaml byte,0.9416824742497738,0.9409048176248689,0.9429502786247212,1.4159436463782556e-3,4.804125663439268e-4,1.7544381414984671e-3
0xb2df8a,haskell,2.6113922373749197,2.598541217249931,2.6203969864998653,1.599401553188954e-2,1.0368586493140295e-2,2.0795577325089402e-2
0x33a02c,haskell strict,1.2098832533749448,1.2073487097497946,1.21113198087509,2.469946983028944e-3,1.8580550037461396e-4,2.9272655089640975e-3
0xfb9a99,juvix,1.8311012260419754,1.8248795471674082,1.8348295395417533,6.225025707674073e-3,2.6953918599966794e-3,8.610171210880273e-3
0xe31a1c,juvix wasm,1.4420546634376403,1.441671503999866,1.4426660855006048,7.055624603022504e-4,2.6107412494036364e-4,8.638299024525226e-4
0xcab2d6,runtime,3.7919713943540123,3.7862773814995307,3.7960073837498385,7.099478601695293e-3,4.710475408900139e-3,9.253014748521941e-3
0x6a3d9a,runtime wasm,2.259153592188113,2.2545096215008016,2.2618298942502406,5.4746017112416445e-3,4.631404001682646e-3,6.1806548640080975e-3
