Color,Name,Mean,MeanLB,MeanUB,Stddev,StddevLB,StddevUB
0xa6cee3,ocaml,1.9554264560626582,1.9501219310000124,1.9587380232501346,6.354250385136664e-3,4.649493660705808e-3,7.600782230660955e-3
0x1f78b4,ocaml byte,5.945867852062217,5.938000644249314,5.951366487062463,9.822835541972687e-3,5.469984603929991e-3,1.2698553590270487e-2
0xb2df8a,haskell,2.1690832436668566,2.1654907310411695,2.1711076146670316,3.569493360628124e-3,2.077005751646369e-3,4.675084567562952e-3
0x33a02c,haskell strict,2.105019397312693,2.1015241255001156,2.1075492355628285,4.37302808462435e-3,2.1682569999939005e-3,5.56829696229252e-3
0xfb9a99,juvix,4.973489409895933,4.970196524791618,4.976782295000248,5.150195612714808e-3,2.5083738639009217e-3,7.211323485834647e-3
0xe31a1c,juvix wasm,4.1654217934167646,4.160866246916764,4.167922152000074,4.768532757369307e-3,1.844981526570164e-3,6.51323272437528e-3
0xcab2d6,runtime,3.320937516103868,3.30950116097938,3.3414874324369066,2.085459425625788e-2,3.136444949862434e-3,2.5940551591215708e-2
0x6a3d9a,runtime wasm,3.497315452770939,3.4924779881873746,3.50023596877107,4.86851039508011e-3,2.1078483433510688e-3,6.744642795393202e-3
