Color,Name,Mean,MeanLB,MeanUB,Stddev,StddevLB,StddevUB
0xa6cee3,ocaml,0.31330117328355606,0.31129002820089224,0.31462868273350375,2.194464874372495e-3,1.215529482426681e-3,2.781256336512037e-3
0x1f78b4,ocaml byte,1.1466511275833302,1.1279596039163757,1.157971911000459,2.2132055388039248e-2,1.9122428069616337e-2,2.6144229413266745e-2
0xb2df8a,haskell,3.120791714521071,3.1175580895005623,3.122967736499959,4.101821451742915e-3,2.1678398748008476e-3,4.964531233643279e-3
0x33a02c,haskell strict,1.4405144505628111,1.438294388874965,1.4419237948130408,2.6767080714768755e-3,1.9258736250170605e-3,3.254741129003629e-3
0xfb9a99,juvix,2.1679279521461012,2.162331653250476,2.17176205675014,6.499284585894691e-3,3.3876458587567904e-3,8.85448530097161e-3
0xe31a1c,juvix wasm,2.0467196413121655,2.0313909519991284,2.0620483306252027,2.248798195310455e-2,9.808821913747467e-3,3.0919159973316405e-2
0xcab2d6,runtime,4.184460365666458,4.168120462541386,4.213747414374893,3.0589667728562517e-2,3.3409795336332565e-3,3.773538987117077e-2
0x6a3d9a,runtime wasm,2.9356985203545114,2.9282765925425642,2.9435956913336367,1.0679577034384049e-2,4.927445876715673e-3,1.4226416102556826e-2
