Color,Name,Mean,MeanLB,MeanUB,Stddev,StddevLB,StddevUB
0xa6cee3,ocaml,0.3163525016331369,0.3159456310000678,0.31676139049986884,6.244930470915749e-4,4.998185841023742e-4,7.867390963640242e-4
0x1f78b4,ocaml byte,1.0024370401664175,1.0004594123743118,1.003376886291638,1.8910200835871827e-3,9.172380193882963e-4,2.3966540989454953e-3
0xb2df8a,haskell,2.720763956249622,2.714646356749199,2.7308366616249486,1.0622575803684661e-2,1.1004847506029484e-3,1.3196959004770048e-2
0x33a02c,haskell strict,1.561076633583184,1.5257386374993303,1.5853110878748566,4.225312970437594e-2,2.7418382073415494e-2,5.739972584322039e-2
0xfb9a99,juvix,1.838002268124986,1.8243299209999955,1.8617591820000143,2.469404501592377e-2,1.8605150000136073e-3,2.921064220172245e-2
0xe31a1c,juvix wasm,1.4330972941665248,1.4317122244997336,1.4341522437498497,1.6903122511599934e-3,1.075113381029993e-3,2.1235679988430042e-3
0xcab2d6,runtime,3.4473881771459296,3.443434998374869,3.450348399604347,5.029843528274829e-3,2.5888884515575857e-3,6.8363409329133965e-3
0x6a3d9a,runtime wasm,2.101758787708036,2.0709732723742036,2.117387845750045,2.981371728641916e-2,6.928047730770905e-3,3.901207499564436e-2
