Color,Name,Mean,MeanLB,MeanUB,Stddev,StddevLB,StddevUB
0xa6cee3,ocaml,1.9466931433748869,1.9324497875004454,1.9541512118744322,1.6466604992757566e-2,1.4364179694682367e-2,1.7223671423388667e-2
0x1f78b4,ocaml byte,7.390803441854132,7.267566770833582,7.477796817499893,0.1460273210057935,0.12766391077125552,0.17162751617869815
0xb2df8a,haskell,2.5680460149588575,2.5234164018341594,2.590308514583588,4.4159047738007655e-2,1.3741135834000051e-3,5.165463600080499e-2
0x33a02c,haskell strict,2.4419831289379395,2.424792816125167,2.450700882813256,1.6239693350959965e-2,5.662534535119633e-4,1.9853701442168473e-2
0xfb9a99,juvix,5.922437888603251,5.885075836248689,5.946010963499248,4.496228211084121e-2,3.0323920334315968e-2,5.285430067452703e-2
0xe31a1c,juvix wasm,4.986532000396362,4.937539330041394,5.0219201442093135,6.1912911703538465e-2,3.988367685463934e-2,8.172541742611603e-2
0xcab2d6,runtime,3.88326119193736,3.8551986280002284,3.9271694569993087,4.488730981591029e-2,1.7221496266048093e-2,6.159786972321021e-2
0x6a3d9a,runtime wasm,4.042183923979489,3.966911447083779,4.117456400875199,0.1124491059334536,5.1750861685949875e-2,0.15426168062279652
