Color,Name,Mean,MeanLB,MeanUB,Stddev,StddevLB,StddevUB
0xa6cee3,ocaml,0.2665758962734678,0.2634347870000056,0.26821052714014515,3.474793404310761e-3,3.719082718845021e-4,4.475726134845854e-3
0x1f78b4,ocaml byte,0.9714013195833407,0.9702294546665751,0.9728614968753391,1.7587401920894335e-3,6.013514314616838e-4,2.3548700087467522e-3
0xb2df8a,haskell,2.6664371744166524,2.66289515387507,2.668147926083255,3.3791508811588213e-3,1.5376595832397033e-3,4.229134311713598e-3
0x33a02c,haskell strict,1.2382649868543467,1.2328254010008095,1.2474212445004014,9.56171020469138e-3,7.068441617121002e-4,1.1600080432404345e-2
0xfb9a99,juvix,1.8266025733752258,1.8237553440003467,1.8285201027501898,3.5489652272851563e-3,1.8149523194117962e-3,4.428344403257998e-3
0xe31a1c,juvix wasm,1.5473392026252668,1.5446934975007025,1.5489389380002194,3.1823353853739e-3,2.091939499223372e-3,3.694430597444238e-3
0xcab2d6,runtime,3.596765869187569,3.5882449077503225,3.6034676698122894,1.0343370903826206e-2,6.916577127731567e-3,1.2761740390463077e-2
0x6a3d9a,runtime wasm,2.2303325207913454,2.2290618076664637,2.23197175929162,1.8861760615766234e-3,6.014584996592021e-4,2.309097088271875e-3
