Color,Name,Mean,MeanLB,MeanUB,Stddev,StddevLB,StddevUB
0xa6cee3,ocaml,1.7324127940206229,1.714934941187721,1.7656927420824406,3.385910695621658e-2,1.6802846175942993e-4,4.0111505428713716e-2
0x1f78b4,ocaml byte,6.95767913077096,6.9385253424998155,6.969525817208553,2.2781532784825923e-2,1.7023663782088753e-2,2.7358750414998172e-2
0xb2df8a,haskell,2.5326985609588064,2.51275158608496,2.5586052186667985,3.6611252728924716e-2,1.2630541917133087e-2,4.524436965431554e-2
0x33a02c,haskell strict,2.440983033167413,2.426033648542216,2.4565264259181276,2.1829545399810864e-2,1.1050773981877888e-2,2.832445798966746e-2
0xfb9a99,juvix,5.755224368563025,5.7421616659374495,5.768788503501128,1.925195744751116e-2,1.1580083224728352e-3,2.3571455169795568e-2
0xe31a1c,juvix wasm,4.828386731603359,4.822748476748529,4.834024986458189,8.690043262813855e-3,3.7594725701898812e-3,1.2000182189313218e-2
0xcab2d6,runtime,3.736129225416638,3.720426747874626,3.7572405991259075,2.377400314227393e-2,9.889228693198221e-3,3.124633272799823e-2
0x6a3d9a,runtime wasm,3.9099254043752203,3.9033522040008393,3.917217219624945,1.0195599823723393e-2,5.2540026391649465e-3,1.4275689482690836e-2
